,Logistic Regression,Decision Tree,Gradient Boosting,SVM,k-NN
Sample1,0.8360655737704918,0.8688524590163934,0.9508196721311475,0.639344262295082,0.7377049180327869
Sample2,0.8852459016393442,0.9344262295081968,0.9344262295081968,0.6557377049180327,0.8032786885245902
Sample3,0.7419354838709677,0.9032258064516129,0.967741935483871,0.6451612903225806,0.7580645161290323
Sample4,0.8360655737704918,0.9016393442622951,0.9508196721311475,0.6885245901639344,0.6721311475409836
Sample5,0.9508196721311475,0.9180327868852459,0.9672131147540983,0.6885245901639344,0.8032786885245902
